id,Locality,Billing Zone
1,ADARSH NAGAR,ADARSH NAGAR
2,ADCHINI,ADCHINI
3,SARVODAY ENCLAVE,ADCHINI
4,AEROCITY,AEROCITY
5,ANAND NIKETAN,AIRFORCE PALAM/ANAND NIKETAN
6,AKSHARDHAM,AKSHARDHAM
7,ALAKNANDA,ALAKNANDA
8,ALIPUR,ALIPUR (GT ROAD)
9,MUKHMELPUR,ALIPUR (GT ROAD)
10,ANAND VIHAR,ANAND VIHAR
11,KARKARDOOMA,ANAND VIHAR
12,ANDREWS GANJ,ANDREWS GANJ
13,ARJUN NAGAR,ARJUN NAGAR
14,FBD ASHOKA ENCLAVE,ASHOK ENCLAVE FBD
15,ASHOK NAGAR,ASHOK NAGAR (NEAR TILAK NAGAR)
16,NEW ASHOK NAGAR,ASHOK NAGAR NEW
17,ASHOK VIHAR,ASHOK VIHAR
18,ASHRAM,ASHRAM
19,CHANDAN HULLA,ASOLA VILLAGE
20,AYA NAGAR,AYA NAGAR
21,GHITORNI,AYA NAGAR
22,JAUNAPUR,AYA NAGAR
23,AZADPUR,AZADPUR
24,BADARPUR,BADARPUR/AZADPUR
25,PUL PEHLADPUR,BADARPUR/AZADPUR
26,BAHADURGARH,BAHADURGARH
27,BALI NAGAR,BALI NAGAR
28,BAPROLA VIHAR,BAPROLA VIHAR
29,BARA HINDU RAO,BARA HINDU RAO
30,BAWANA,BAWANA
31,BER SARAI,BER SARAI
32,BHAJANPURA,BHAJAN PURA (SHAHADRA)
33,BIJWASAN,BIJWASAN ROAD
34,BINDAPUR,BINDAPUR
35,JIWAN PARK,BINDAPUR
36,VISHWAS PARK,BINDAPUR
37,BUDH VIHAR,BUDDH VIHAR NEAR RITHALA
38,BURARI,BURARI
39,JHARODA,BURARI
40,MAJLIS PARK,BURARI
41,MUKUNDPUR,BURARI
42,SWAROOP NAGAR,BURARI
43,CHAND NAGAR,"CHAND NAGAR, CHIRAG DELHI"
44,CHIRAG DELHI,"CHAND NAGAR, CHIRAG DELHI"
45,CHANDER VIHAR,CHANDER VIHAR
46,ASAF ALI ROAD,CHANDNI CHOWK
47,AZAD MARKET,CHANDNI CHOWK
48,CHAWRI BAZAR,CHANDNI CHOWK
49,CHATTARPUR,CHATTARPUR
50,CHHAWLA VILLAGE,CHHAWLA
51,CIVIL LINES,CIVIL LINES
52,BARAKHAMBA ROAD,CONNAUGHT PLACE
53,CONNAUGHT PLACE,CONNAUGHT PLACE
54,CR PARK,CR PARK
55,CHANAKYA PLACE,DABRI/RAJAPURI
56,DABRI,DABRI/RAJAPURI
57,RAGHU NAGAR,DABRI/RAJAPURI
58,DAKSHINPURI,DAKSHINPURI
59,DARYA GANJ,DARYA GANJ
60,DEFENCE COLONY,DEFENCE COLONY
61,RACE COURSE,DELHI RACE CLUB
62,DHAULA KUAN,DHAULA KUAN
63,DILSHAD GARDEN,DILSHAD GARDEN/ VIVEK VIHAR
64,HARSH VIHAR,DILSHAD GARDEN/ VIVEK VIHAR
65,VIVEK VIHAR,DILSHAD GARDEN/ VIVEK VIHAR
66,BAGDOLA,DWARKA SEC 1 2 6 7 8
67,DWARKA SEC 1,DWARKA SEC 1 2 6 7 8
68,DWARKA SEC 2,DWARKA SEC 1 2 6 7 8
69,DWARKA SEC 6,DWARKA SEC 1 2 6 7 8
70,DWARKA SEC 7,DWARKA SEC 1 2 6 7 8
71,DWARKA SEC 8,DWARKA SEC 1 2 6 7 8
72,RAMPHAL CHOWK,DWARKA SEC 1 2 6 7 8
73,DWARKA SEC 15,DWARKA SEC 15
74,DWARKA SEC 18,DWARKA SEC 18A 18B 20 TO 23
75,DWARKA SEC 20,DWARKA SEC 18A 18B 20 TO 23
76,DWARKA SEC 21,DWARKA SEC 18A 18B 20 TO 23
77,DWARKA SEC 22,DWARKA SEC 18A 18B 20 TO 23
78,DWARKA SEC 23,DWARKA SEC 18A 18B 20 TO 23
79,POCHANPUR,DWARKA SEC 18A 18B 20 TO 23
80,DWARKA SEC 24,DWARKA SEC 24
81,BHARTHAL,DWARKA SEC 26 27 28 29
82,DWARKA SEC 26,DWARKA SEC 26 27 28 29
83,DWARKA SEC 27,DWARKA SEC 26 27 28 29
84,DWARKA SEC 28,DWARKA SEC 26 27 28 29
85,DWARKA SEC 29,DWARKA SEC 26 27 28 29
86,DWARKA SEC 12,DWARKA SEC 3 4 12 13 14 16 17
87,DWARKA SEC 13,DWARKA SEC 3 4 12 13 14 16 17
88,DWARKA SEC 14,DWARKA SEC 3 4 12 13 14 16 17
89,DWARKA SEC 16,DWARKA SEC 3 4 12 13 14 16 17
90,DWARKA SEC 17,DWARKA SEC 3 4 12 13 14 16 17
91,DWARKA SEC 3,DWARKA SEC 3 4 12 13 14 16 17
92,DWARKA SEC 4,DWARKA SEC 3 4 12 13 14 16 17
93,DWARKA SEC 10,DWARKA SEC 5 9 10 11 19
94,DWARKA SEC 11,DWARKA SEC 5 9 10 11 19
95,DWARKA SEC 19,DWARKA SEC 5 9 10 11 19
96,DWARKA SEC 5,DWARKA SEC 5 9 10 11 19
97,DWARKA SEC 9,DWARKA SEC 5 9 10 11 19
98,NANDA ENCLAVE,DWARKA SEC 5 9 10 11 19
99,FBD SEC 21,FARIDABAD SEC 21
100,FBD SEC 45,FARIDABAD SEC 45
101,FATEH NAGAR,FATEH NAGAR
102,FATEHPUR BERI,FATEHPUR BERI
103,FBD SURAJKUND,FBD CHARMWOOD/ SURAJ KUND
104,FBD GREEN FIELD COLONY,FBD GREEN FIELD
105,FBD SEC 20,FBD SEC 20
106,FBD SEC 121,FBD SEC 28 121
107,FBD SEC 28,FBD SEC 28 121
108,FBD MAHARAJPUR,FBD SEC 31 35 37
109,FBD SEC 31,FBD SEC 31 35 37
110,FBD SEC 33,FBD SEC 31 35 37
111,FBD SEC 35,FBD SEC 31 35 37
112,FBD SEC 37,FBD SEC 31 35 37
113,FBD SEC 49,FBD SEC 49
114,FBD GANDHI COLONY,FBD SEC 7B 8 15 17 45 46 75 23 10 NIT
115,FBD NIT,FBD SEC 7B 8 15 17 45 46 75 23 10 NIT
116,FBD SEC 10,FBD SEC 7B 8 15 17 45 46 75 23 10 NIT
117,FBD SEC 15,FBD SEC 7B 8 15 17 45 46 75 23 10 NIT
118,FBD SEC 17,FBD SEC 7B 8 15 17 45 46 75 23 10 NIT
119,FBD SEC 22,FBD SEC 7B 8 15 17 45 46 75 23 10 NIT
120,FBD SEC 23,FBD SEC 7B 8 15 17 45 46 75 23 10 NIT
121,FBD SEC 46,FBD SEC 7B 8 15 17 45 46 75 23 10 NIT
122,FBD SEC 7,FBD SEC 7B 8 15 17 45 46 75 23 10 NIT
123,FBD SEC 75,FBD SEC 7B 8 15 17 45 46 75 23 10 NIT
124,FBD SEC 8,FBD SEC 7B 8 15 17 45 46 75 23 10 NIT
125,FBD SEC 89,FBD SEC 7B 8 15 17 45 46 75 23 10 NIT
126,FBD SEC 82,FBD SEC 82
127,FBD SEC 83,FBD SEC 83
128,FBD SEC 85,FBD SEC 85
129,FBD SEC 86,FBD SEC 86
130,FBD SEC 87,FBD SEC 87
131,FBD SEC 88,FBD SEC 88
132,FBD SEC 91,FBD SEC 91
133,FBD SEC 81,FBD SEC 81
134,FBD SEHATPUR,FBD SEHATPUR
135,FBD SGM NAGAR,FBD SGM NAGAR
136,GANDHI VIHAR,GANDHI VIHAR
137,GAUTAM NAGAR,GAUTAM NAGAR/ GOLF LINK
138,GOLF LINK APPARTMENT,GAUTAM NAGAR/ GOLF LINK
139,GZB BAMHETA,GAZIABAD CROSSING
140,GZB BHARAT CITY,GAZIABAD CROSSING
141,GZB BHOPURA,GAZIABAD CROSSING
142,GZB BRIJ VIHAR,GAZIABAD CROSSING
143,GZB CHANDER NAGAR,GAZIABAD CROSSING
144,GZB CHIRANJIV VIHAR,GAZIABAD CROSSING
145,GZB CROSSING REPUBLIC,GAZIABAD CROSSING
146,GZB DILSHAD EXTN,GAZIABAD CROSSING
147,GZB GANGAPURAM,GAZIABAD CROSSING
148,GZB GOVINDPURAM,GAZIABAD CROSSING
149,GZB KAUSHAMBI,GAZIABAD CROSSING
150,GZB LONI,GAZIABAD CROSSING
151,GZB MOHAN NAGAR,GAZIABAD CROSSING
152,GZB NANDGRAM,GAZIABAD CROSSING
153,GZB NEHRU NAGAR,GAZIABAD CROSSING
154,GZB NEW ARYA NAGAR,GAZIABAD CROSSING
155,GZB PANCHWATI COLONY,GAZIABAD CROSSING
156,GZB PANDAV NAGAR,GAZIABAD CROSSING
157,GZB PATEL NAGAR,GAZIABAD CROSSING
158,GZB PRATAP VIHAR,GAZIABAD CROSSING
159,GZB RAJ NAGAR EXTN,GAZIABAD CROSSING
160,GZB RAJENDRA NAGAR,GAZIABAD CROSSING
161,GZB RAMA KRISHNA COLONY,GAZIABAD CROSSING
162,GZB RAMPRASTHA COLONY,GAZIABAD CROSSING
163,GZB SANJAY NAGAR,GAZIABAD CROSSING
164,GZB SHALIMAR GARDEN,GAZIABAD CROSSING
165,GZB SHYAM PARK,GAZIABAD CROSSING
166,GZB SIDDHARTH VIHAR,GAZIABAD CROSSING
167,GZB TURUB NAGAR,GAZIABAD CROSSING
168,GZB VIJAY NAGAR,GAZIABAD CROSSING
169,GZB VIVEKANAND NAGAR,GAZIABAD CROSSING
170,GZB INDIRAPURAM,GAZIABAD SHAHIBABAD INDIRAPURAM VAISHALI
171,GZB SAHIBABAD,GAZIABAD SHAHIBABAD INDIRAPURAM VAISHALI
172,GZB VAISHALI,GAZIABAD SHAHIBABAD INDIRAPURAM VAISHALI
173,GZB VASUNDHARA,GAZIABAD SHAHIBABAD INDIRAPURAM VAISHALI
174,GEETA COLONY,GEETA COLONY
175,GGN MANESAR,GGN (MANESAR)
176,GGN RAJIV NAGAR,GGN (RAJEEV CHOWK/ RAJIV NAGAR)
177,GGN SOHNA ROAD,GGN (SOHNA ROAD) / VATIKA CITY
178,GGN SOUTH CITY 1,GGN (SOUTH CITY-1)
179,GGN SUSHANT LOK 1,GGN (SUSHANT LOK-1)
180,GGN SUSHANT LOK 2,GGN (SUSHANT LOK-2)
181,GGN LAXMAN VIHAR,GGN 37C LAXMAN VIHAR
182,GGN SEC 37,GGN 37C LAXMAN VIHAR
183,GGN ASHOK VIHAR,GGN ASHOK VIHAR
184,GGN DAULATABAD,GGN DAULTABAD
185,GGN DLF PHASE 3,GGN DLF PH- 3
186,GGN DLF PHASE 4,GGN DLF PH- 4
187,GGN DLF PHASE 5,GGN DLF PH- 5
188,GGN DLF PHASE 1,GGN DLF PHASE 1 AND 2
189,GGN DLF PHASE 2,GGN DLF PHASE 1 AND 2
190,GGN PALAM VIHAR,GGN PALAM VIHAR
191,GGN SEC 10,GGN SEC 10 10A 66 67 72
192,GGN SEC 101,GGN SEC 101 TO 112
193,GGN SEC 102,GGN SEC 101 TO 112
194,GGN SEC 103,GGN SEC 101 TO 112
195,GGN SEC 104,GGN SEC 101 TO 112
196,GGN SEC 105,GGN SEC 101 TO 112
197,GGN SEC 106,GGN SEC 101 TO 112
198,GGN SEC 107,GGN SEC 101 TO 112
199,GGN SEC 108,GGN SEC 101 TO 112
200,GGN SEC 109,GGN SEC 101 TO 112
201,GGN SEC 110,GGN SEC 101 TO 112
202,GGN SEC 111,GGN SEC 101 TO 112
203,GGN SEC 112,GGN SEC 101 TO 112
204,GGN MARUTI VIHAR,GGN SEC 15 TO 25 27 28 30 31 32 33 IFFCO
205,GGN PATEL NAGAR,GGN SEC 15 TO 25 27 28 30 31 32 33 IFFCO
206,GGN SEC 15,GGN SEC 15 TO 25 27 28 30 31 32 33 IFFCO
207,GGN SEC 16,GGN SEC 15 TO 25 27 28 30 31 32 33 IFFCO
208,GGN SEC 17,GGN SEC 15 TO 25 27 28 30 31 32 33 IFFCO
209,GGN SEC 18,GGN SEC 15 TO 25 27 28 30 31 32 33 IFFCO
210,GGN SEC 19,GGN SEC 15 TO 25 27 28 30 31 32 33 IFFCO
211,GGN SEC 20,GGN SEC 15 TO 25 27 28 30 31 32 33 IFFCO
212,GGN SEC 21,GGN SEC 15 TO 25 27 28 30 31 32 33 IFFCO
213,GGN SEC 22,GGN SEC 15 TO 25 27 28 30 31 32 33 IFFCO
214,GGN SEC 23,GGN SEC 15 TO 25 27 28 30 31 32 33 IFFCO
215,GGN SEC 24,GGN SEC 15 TO 25 27 28 30 31 32 33 IFFCO
216,GGN SEC 25,GGN SEC 15 TO 25 27 28 30 31 32 33 IFFCO
217,GGN SEC 27,GGN SEC 15 TO 25 27 28 30 31 32 33 IFFCO
218,GGN SEC 28,GGN SEC 15 TO 25 27 28 30 31 32 33 IFFCO
219,GGN SEC 30,GGN SEC 15 TO 25 27 28 30 31 32 33 IFFCO
220,GGN SEC 31,GGN SEC 15 TO 25 27 28 30 31 32 33 IFFCO
221,GGN SEC 32,GGN SEC 15 TO 25 27 28 30 31 32 33 IFFCO
222,GGN SEC 33,GGN SEC 15 TO 25 27 28 30 31 32 33 IFFCO
223,GGN NEW PALAM VIHAR,GGN SEC 39 40 41 UNIWORLD 3T NEW PALAM
224,GGN SEC 39,GGN SEC 39 40 41 UNIWORLD 3T NEW PALAM
225,GGN SEC 40,GGN SEC 39 40 41 UNIWORLD 3T NEW PALAM
226,GGN SEC 41,GGN SEC 39 40 41 UNIWORLD 3T NEW PALAM
227,GGN SEC 11,GGN SEC 4 5 11 TO 14 38
228,GGN SEC 12,GGN SEC 4 5 11 TO 14 38
229,GGN SEC 13,GGN SEC 4 5 11 TO 14 38
230,GGN SEC 14,GGN SEC 4 5 11 TO 14 38
231,GGN SEC 3,GGN SEC 4 5 11 TO 14 38
232,GGN SEC 38,GGN SEC 4 5 11 TO 14 38
233,GGN SEC 4,GGN SEC 4 5 11 TO 14 38
234,GGN SEC 5,GGN SEC 4 5 11 TO 14 38
235,GGN SHEETLA COLONY,GGN SEC 4 5 11 TO 14 38
236,GGN SEC 66,GGN SEC- 66 TO 69
237,GGN SEC 67,GGN SEC- 66 TO 69
238,GGN SEC 68,GGN SEC- 66 TO 69
239,GGN SEC 69,GGN SEC- 66 TO 69
240,GGN BALDEV NAGAR,GGN SEC 7 42 43
241,GGN KRISHNA COLONY,GGN SEC 7 42 43
242,GGN SEC 42,GGN SEC 7 42 43
243,GGN SEC 43,GGN SEC 7 42 43
244,GGN SEC 7,GGN SEC 7 42 43
245,GGN SHIVPURI,GGN SEC 7 42 43
246,GGN SEC 70,GGN SEC- 70 TO 79
247,GGN SEC 71,GGN SEC- 70 TO 79
248,GGN SEC 72,GGN SEC- 70 TO 79
249,GGN SEC 73,GGN SEC- 70 TO 79
250,GGN SEC 74,GGN SEC- 70 TO 79
251,GGN SEC 75,GGN SEC- 70 TO 79
252,GGN SEC 76,GGN SEC- 70 TO 79
253,GGN SEC 77,GGN SEC- 70 TO 79
254,GGN SEC 78,GGN SEC- 70 TO 79
255,GGN SEC 79,GGN SEC- 70 TO 79
256,GGN SEC 80,GGN SEC- 80 TO 89
257,GGN SEC 81,GGN SEC- 80 TO 89
258,GGN SEC 82,GGN SEC- 80 TO 89
259,GGN SEC 83,GGN SEC- 80 TO 89
260,GGN SEC 84,GGN SEC- 80 TO 89
261,GGN SEC 85,GGN SEC- 80 TO 89
262,GGN SEC 86,GGN SEC- 80 TO 89
263,GGN SEC 87,GGN SEC- 80 TO 89
264,GGN SEC 88,GGN SEC- 80 TO 89
265,GGN SEC 89,GGN SEC- 80 TO 89
266,GGN BASAI ROAD,GGN SEC 9 9A 47 GWAL PAHADI AND MALIBU TOWN
267,GGN GWAL PAHARI,GGN SEC 9 9A 47 GWAL PAHADI AND MALIBU TOWN
268,GGN SEC 47,GGN SEC 9 9A 47 GWAL PAHADI AND MALIBU TOWN
269,GGN SEC 9,GGN SEC 9 9A 47 GWAL PAHADI AND MALIBU TOWN
270,GGN SEC 90,GGN SEC 90
271,GGN SEC 91,GGN SEC 90
272,GGN SEC 93,GGN SEC 90
273,GGN SEC 95,GGN SEC 90
274,GGN SEC 95A,GGN SEC 90
275,GGN SEC 50,GGN SEC-50 TO 59
276,GGN SEC 51,GGN SEC-50 TO 59
277,GGN SEC 52,GGN SEC-50 TO 59
278,GGN SEC 53,GGN SEC-50 TO 59
279,GGN SEC 54,GGN SEC-50 TO 59
280,GGN SEC 55,GGN SEC-50 TO 59
281,GGN SEC 56,GGN SEC-50 TO 59
282,GGN SEC 57,GGN SEC-50 TO 59
283,GGN SEC 58,GGN SEC-50 TO 59
284,GGN SEC 59,GGN SEC-50 TO 59
285,GGN WAZIRABAD,GGN SEC-50 TO 59
286,GGN SEC 61,GGN SEC-61 TO 65
287,GGN SEC 62,GGN SEC-61 TO 65
288,GGN SEC 63,GGN SEC-61 TO 65
289,GGN SEC 64,GGN SEC-61 TO 65
290,GGN SEC 65,GGN SEC-61 TO 65
291,GGN SUSHANT LOK 3,GGN SUSHANT LOK III
292,GGN SEC 45,GGN VISTA VIHAR SEC 45 46 GREEN WOOD
293,GGN SEC 46,GGN VISTA VIHAR SEC 45 46 GREEN WOOD
294,GHAZIPUR,GHAZIPUR
295,GHONDA,GHONDA
296,GOKALPUR,GOKALPUR
297,GOLE MARKET,GOLE MARKET
298,GOVINDPURI,GOVIND PURI
299,GOYLA VIHAR,GOYLA VIHAR
300,GREATER NOIDA,GR NOIDA
301,GREATER NOIDA WEST,GR NOIDA
302,NOIDA EXTN,GR NOIDA
303,NOIDA GAUR CITY,GR NOIDA
304,GREATER KAILASH,GREATER KAILASH - 1 AND 2
305,GREEN PARK,GREEN PARK
306,GTB NAGAR,GTB NAGAR (GT KARNAL ROAD)
307,HARI NAGAR,HARI NAGAR
308,HAUZ KHAS,HAUZ KHAS
309,INDERPURI,INDER PURI
310,INDERLOK,INDERLOK
311,IP EXTN,IP EXTENSION
312,JAMIA NAGAR,JAMIA MILIYA NAGAR
313,JANAKPURI,JANAKPURI/ MAHAVIR NAGAR
314,MAHAVIR NAGAR,JANAKPURI/ MAHAVIR NAGAR
315,JASOLA VIHAR,JASOLA VIHAR
316,KALINDI KUNJ,JASOLA VIHAR
317,JAHANGIR PURI,JHANGIR PURI
318,JHILMIL COLONY,JHILMIL COLONY
319,JUNGPURA,JUNG PURA/ JUNG PURA EXTN
320,EAST OF KAILASH,KAILASH COLONY
321,GARHI,KAILASH COLONY
322,KAILASH COLONY,KAILASH COLONY
323,KAILASH NAGAR,KAILASH NAGAR
324,KAKROLA,KAKROLA MODH
325,KALI BARI MARG,KALI BARI
326,KALKAJI,KALKA JI
327,NEHRU ENCLAVE,KALKA JI
328,KAMLA NAGAR,KAMLA NAGAR
329,ROSHNARA ROAD,KAMLA NAGAR
330,KANGANHERI,KANGAN HERI
331,KAPASHERA,KAPASHERA
332,KARAMPURA,KARAMPURA
333,KALYAN PURI,KARKARDOOMA KALYAN PURI KARAWAL NAGAR
334,KARAWAL NAGAR,KARKARDOOMA KALYAN PURI KARAWAL NAGAR
335,ANAND PARVAT,KAROL BAGH
336,KAROL BAGH,KAROL BAGH
337,KATWARIA SARAI,KATWARIA SARAI
338,KESHAV PURAM,KESHAV PURAM
339,DEVLI,KHANPUR
340,KHANPUR,KHANPUR
341,MADANGIR,KHANPUR
342,SANGAM VIHAR,KHANPUR
343,KHAYALA,KHAYALA
344,KHERI KALAN,KHERI KALAN
345,KIDWAI NAGAR,KIDWAI NAGAR
346,KINGHWAY CAMP,KINGHWAY CAMP
347,KINGSWAY CAMP,KINGHWAY CAMP
348,VIJAY NAGAR,KINGHWAY CAMP
349,KIRTI NAGAR,KIRTI NAGAR
350,KISHANGARH,KISHANGARH
351,KOTLA MUBARAKPUR,KOTLA MUBARAK PUR
352,GAGAN VIHAR,KRISHNA NAGAR
353,GOVINDPURA,KRISHNA NAGAR
354,KHUREJI KHAS,KRISHNA NAGAR
355,KRISHNA NAGAR,KRISHNA NAGAR
356,LAYAL PUR,KRISHNA NAGAR
357,SOUTH ANARKALI,KRISHNA NAGAR
358,KUNDALI,KUNDALI
359,LADO SARAI,LADO SARAI
360,AYURVIGYAN NAGAR,LAJPAT NAGAR 1 2 3 AND 4
361,LAJPAT NAGAR,LAJPAT NAGAR 1 2 3 AND 4
362,NEHRU NAGAR,LAJPAT NAGAR 1 2 3 AND 4
363,LAJWANTI GARDEN,LAJWANTI GARDEN
364,LAXMI BAI NAGAR,LAXMI BAI NAGAR
365,GURU ANGAD NAGAR,LAXMI NAGAR
366,LAXMI NAGAR,LAXMI NAGAR
367,LODHI COLONY,LODHI COLONY
368,MADANPUR KHADAR,MADANPUR KHADAR
369,BHAGWAN NAGAR,MAHARANI BAGH(MALKA GANJ)
370,JEEWAN NAGAR,MAHARANI BAGH(MALKA GANJ)
371,MAHARANI BAGH,MAHARANI BAGH(MALKA GANJ)
372,SIDDHARTH EXTN,MAHARANI BAGH(MALKA GANJ)
373,SUNLIGHT COLONY,MAHARANI BAGH(MALKA GANJ)
374,DASHRATH PURI,MAHAVIR ENCLAVE
375,MAHAVIR ENCLAVE,MAHAVIR ENCLAVE
376,NASIRPUR,MAHAVIR ENCLAVE
377,VIJAY ENCLAVE,MAHAVIR ENCLAVE
378,MAHIPALPUR,MAHIPALPUR
379,RANGPURI,MAHIPALPUR
380,MAIDAN GARHI,MAIDAN GARHI
381,MALKA GANJ,MALKA GANJ
382,MALVIYA NAGAR,MALVIYA NAGAR
383,MANDAWALI,MANDAWALI
384,MANDI HOUSE,MANDI HOUSE
385,MANGLAPURI,MANGLA PURI
386,MANGOL PURI,MANGOL PURI
387,MASJID MOTH,MASJID MOTH
388,MAYA ENCLAVE,MAYA ENCLAVE
389,MAYUR VIHAR 1,MAYUR VIHAR 1 AND 2
390,MAYUR VIHAR 2,MAYUR VIHAR 1 AND 2
391,MAYUR VIHAR 3,MAYUR VIHAR- 3
392,MANSAROVER GARDEN,MEENAKSHI GARDEN/ MANSAREWAR GARDEN
393,MEHRAM NAGAR,MEHRAM NAGAR
394,MEHRAULI,MEHRAULI
395,GUJRANWALA TOWN,MODEL TOWN
396,MODEL TOWN,MODEL TOWN
397,MOHAMMADPUR,MOHAMMADPUR
398,BHAGWATI GARDEN,MOHAN GARDEN
399,MOHAN GARDEN,MOHAN GARDEN
400,MOTI BAGH,MOTI BAGH
401,MOTI NAGAR,MOTI NAGAR
402,MUKHERJEE NAGAR,MUKHERJEE NAGAR
403,NEHRU VIHAR,MUKHERJEE NAGAR
404,BAKKARWALA,MUNDKA
405,KIRARI,MUNDKA
406,MUNIRKA,MUNIRKA
407,JHARODA KALAN,NAJAF GARH
408,NAJAFGARH,NAJAF GARH
409,SHYAM VIHAR,NAJAF GARH
410,MANDOLI,NAND NAGRI
411,NANGAL RAYA,NANGAL RAYA
412,NANGLOI,NANGLOI
413,NARAINA,NARAINA/ NARAINA VIHAR
414,NARELA,NARELA
415,NAWADA,NAWADA
416,IGNOU ROAD,NEB SARAI
417,NEB SARAI,NEB SARAI
418,SAIDULAJAB,NEB SARAI
419,NEELWAL,NEELWAL
420,NEW FRIENDS COLONY,NEW FRIENDS COLONY
421,NIHAL VIHAR,NIHAL VIHAR
422,NILOTHI,NILOTHI
423,NIRMAN VIHAR,NIRMAN VIHAR
424,NIZAMUDDIN,NIZAMUDDIN
425,SARAI KALE KHAN,NIZAMUDDIN
426,NOIDA SEC 1,NOIDA SEC 1 TO 74
427,NOIDA SEC 10,NOIDA SEC 1 TO 74
428,NOIDA SEC 11,NOIDA SEC 1 TO 74
429,NOIDA SEC 12,NOIDA SEC 1 TO 74
430,NOIDA SEC 13,NOIDA SEC 1 TO 74
431,NOIDA SEC 14,NOIDA SEC 1 TO 74
432,NOIDA SEC 15,NOIDA SEC 1 TO 74
433,NOIDA SEC 16,NOIDA SEC 1 TO 74
434,NOIDA SEC 17,NOIDA SEC 1 TO 74
435,NOIDA SEC 18,NOIDA SEC 1 TO 74
436,NOIDA SEC 19,NOIDA SEC 1 TO 74
437,NOIDA SEC 2,NOIDA SEC 1 TO 74
438,NOIDA SEC 20,NOIDA SEC 1 TO 74
439,NOIDA SEC 21,NOIDA SEC 1 TO 74
440,NOIDA SEC 22,NOIDA SEC 1 TO 74
441,NOIDA SEC 23,NOIDA SEC 1 TO 74
442,NOIDA SEC 24,NOIDA SEC 1 TO 74
443,NOIDA SEC 25,NOIDA SEC 1 TO 74
444,NOIDA SEC 26,NOIDA SEC 1 TO 74
445,NOIDA SEC 27,NOIDA SEC 1 TO 74
446,NOIDA SEC 28,NOIDA SEC 1 TO 74
447,NOIDA SEC 29,NOIDA SEC 1 TO 74
448,NOIDA SEC 3,NOIDA SEC 1 TO 74
449,NOIDA SEC 30,NOIDA SEC 1 TO 74
450,NOIDA SEC 31,NOIDA SEC 1 TO 74
451,NOIDA SEC 32,NOIDA SEC 1 TO 74
452,NOIDA SEC 33,NOIDA SEC 1 TO 74
453,NOIDA SEC 34,NOIDA SEC 1 TO 74
454,NOIDA SEC 35,NOIDA SEC 1 TO 74
455,NOIDA SEC 36,NOIDA SEC 1 TO 74
456,NOIDA SEC 37,NOIDA SEC 1 TO 74
457,NOIDA SEC 38,NOIDA SEC 1 TO 74
458,NOIDA SEC 39,NOIDA SEC 1 TO 74
459,NOIDA SEC 4,NOIDA SEC 1 TO 74
460,NOIDA SEC 40,NOIDA SEC 1 TO 74
461,NOIDA SEC 41,NOIDA SEC 1 TO 74
462,NOIDA SEC 42,NOIDA SEC 1 TO 74
463,NOIDA SEC 43,NOIDA SEC 1 TO 74
464,NOIDA SEC 44,NOIDA SEC 1 TO 74
465,NOIDA SEC 45,NOIDA SEC 1 TO 74
466,NOIDA SEC 46,NOIDA SEC 1 TO 74
467,NOIDA SEC 47,NOIDA SEC 1 TO 74
468,NOIDA SEC 48,NOIDA SEC 1 TO 74
469,NOIDA SEC 49,NOIDA SEC 1 TO 74
470,NOIDA SEC 5,NOIDA SEC 1 TO 74
471,NOIDA SEC 50,NOIDA SEC 1 TO 74
472,NOIDA SEC 51,NOIDA SEC 1 TO 74
473,NOIDA SEC 52,NOIDA SEC 1 TO 74
474,NOIDA SEC 53,NOIDA SEC 1 TO 74
475,NOIDA SEC 54,NOIDA SEC 1 TO 74
476,NOIDA SEC 55,NOIDA SEC 1 TO 74
477,NOIDA SEC 56,NOIDA SEC 1 TO 74
478,NOIDA SEC 57,NOIDA SEC 1 TO 74
479,NOIDA SEC 58,NOIDA SEC 1 TO 74
480,NOIDA SEC 59,NOIDA SEC 1 TO 74
481,NOIDA SEC 6,NOIDA SEC 1 TO 74
482,NOIDA SEC 60,NOIDA SEC 1 TO 74
483,NOIDA SEC 61,NOIDA SEC 1 TO 74
484,NOIDA SEC 62,NOIDA SEC 1 TO 74
485,NOIDA SEC 63,NOIDA SEC 1 TO 74
486,NOIDA SEC 64,NOIDA SEC 1 TO 74
487,NOIDA SEC 65,NOIDA SEC 1 TO 74
488,NOIDA SEC 66,NOIDA SEC 1 TO 74
489,NOIDA SEC 67,NOIDA SEC 1 TO 74
490,NOIDA SEC 68,NOIDA SEC 1 TO 74
491,NOIDA SEC 69,NOIDA SEC 1 TO 74
492,NOIDA SEC 7,NOIDA SEC 1 TO 74
493,NOIDA SEC 70,NOIDA SEC 1 TO 74
494,NOIDA SEC 71,NOIDA SEC 1 TO 74
495,NOIDA SEC 72,NOIDA SEC 1 TO 74
496,NOIDA SEC 73,NOIDA SEC 1 TO 74
497,NOIDA SEC 74,NOIDA SEC 1 TO 74
498,NOIDA SEC 8,NOIDA SEC 1 TO 74
499,NOIDA SEC 9,NOIDA SEC 1 TO 74
500,NOIDA ACHHEJA,NOIDA SEC 75 AND ABOVE
501,NOIDA SEC 100,NOIDA SEC 75 AND ABOVE
502,NOIDA SEC 101,NOIDA SEC 75 AND ABOVE
503,NOIDA SEC 102,NOIDA SEC 75 AND ABOVE
504,NOIDA SEC 103,NOIDA SEC 75 AND ABOVE
505,NOIDA SEC 104,NOIDA SEC 75 AND ABOVE
506,NOIDA SEC 105,NOIDA SEC 75 AND ABOVE
507,NOIDA SEC 106,NOIDA SEC 75 AND ABOVE
508,NOIDA SEC 107,NOIDA SEC 75 AND ABOVE
509,NOIDA SEC 108,NOIDA SEC 75 AND ABOVE
510,NOIDA SEC 109,NOIDA SEC 75 AND ABOVE
511,NOIDA SEC 110,NOIDA SEC 75 AND ABOVE
512,NOIDA SEC 111,NOIDA SEC 75 AND ABOVE
513,NOIDA SEC 112,NOIDA SEC 75 AND ABOVE
514,NOIDA SEC 113,NOIDA SEC 75 AND ABOVE
515,NOIDA SEC 114,NOIDA SEC 75 AND ABOVE
516,NOIDA SEC 115,NOIDA SEC 75 AND ABOVE
517,NOIDA SEC 116,NOIDA SEC 75 AND ABOVE
518,NOIDA SEC 117,NOIDA SEC 75 AND ABOVE
519,NOIDA SEC 118,NOIDA SEC 75 AND ABOVE
520,NOIDA SEC 119,NOIDA SEC 75 AND ABOVE
521,NOIDA SEC 120,NOIDA SEC 75 AND ABOVE
522,NOIDA SEC 121,NOIDA SEC 75 AND ABOVE
523,NOIDA SEC 122,NOIDA SEC 75 AND ABOVE
524,NOIDA SEC 123,NOIDA SEC 75 AND ABOVE
525,NOIDA SEC 124,NOIDA SEC 75 AND ABOVE
526,NOIDA SEC 125,NOIDA SEC 75 AND ABOVE
527,NOIDA SEC 126,NOIDA SEC 75 AND ABOVE
528,NOIDA SEC 127,NOIDA SEC 75 AND ABOVE
529,NOIDA SEC 128,NOIDA SEC 75 AND ABOVE
530,NOIDA SEC 129,NOIDA SEC 75 AND ABOVE
531,NOIDA SEC 130,NOIDA SEC 75 AND ABOVE
532,NOIDA SEC 131,NOIDA SEC 75 AND ABOVE
533,NOIDA SEC 132,NOIDA SEC 75 AND ABOVE
534,NOIDA SEC 133,NOIDA SEC 75 AND ABOVE
535,NOIDA SEC 134,NOIDA SEC 75 AND ABOVE
536,NOIDA SEC 135,NOIDA SEC 75 AND ABOVE
537,NOIDA SEC 136,NOIDA SEC 75 AND ABOVE
538,NOIDA SEC 137,NOIDA SEC 75 AND ABOVE
539,NOIDA SEC 138,NOIDA SEC 75 AND ABOVE
540,NOIDA SEC 139,NOIDA SEC 75 AND ABOVE
541,NOIDA SEC 140,NOIDA SEC 75 AND ABOVE
542,NOIDA SEC 141,NOIDA SEC 75 AND ABOVE
543,NOIDA SEC 142,NOIDA SEC 75 AND ABOVE
544,NOIDA SEC 143,NOIDA SEC 75 AND ABOVE
545,NOIDA SEC 144,NOIDA SEC 75 AND ABOVE
546,NOIDA SEC 145,NOIDA SEC 75 AND ABOVE
547,NOIDA SEC 146,NOIDA SEC 75 AND ABOVE
548,NOIDA SEC 147,NOIDA SEC 75 AND ABOVE
549,NOIDA SEC 148,NOIDA SEC 75 AND ABOVE
550,NOIDA SEC 149,NOIDA SEC 75 AND ABOVE
551,NOIDA SEC 150,NOIDA SEC 75 AND ABOVE
552,NOIDA SEC 151,NOIDA SEC 75 AND ABOVE
553,NOIDA SEC 152,NOIDA SEC 75 AND ABOVE
554,NOIDA SEC 153,NOIDA SEC 75 AND ABOVE
555,NOIDA SEC 154,NOIDA SEC 75 AND ABOVE
556,NOIDA SEC 155,NOIDA SEC 75 AND ABOVE
557,NOIDA SEC 156,NOIDA SEC 75 AND ABOVE
558,NOIDA SEC 157,NOIDA SEC 75 AND ABOVE
559,NOIDA SEC 158,NOIDA SEC 75 AND ABOVE
560,NOIDA SEC 159,NOIDA SEC 75 AND ABOVE
561,NOIDA SEC 160,NOIDA SEC 75 AND ABOVE
562,NOIDA SEC 161,NOIDA SEC 75 AND ABOVE
563,NOIDA SEC 162,NOIDA SEC 75 AND ABOVE
564,NOIDA SEC 163,NOIDA SEC 75 AND ABOVE
565,NOIDA SEC 164,NOIDA SEC 75 AND ABOVE
566,NOIDA SEC 165,NOIDA SEC 75 AND ABOVE
567,NOIDA SEC 166,NOIDA SEC 75 AND ABOVE
568,NOIDA SEC 167,NOIDA SEC 75 AND ABOVE
569,NOIDA SEC 168,NOIDA SEC 75 AND ABOVE
570,NOIDA SEC 75,NOIDA SEC 75 AND ABOVE
571,NOIDA SEC 76,NOIDA SEC 75 AND ABOVE
572,NOIDA SEC 77,NOIDA SEC 75 AND ABOVE
573,NOIDA SEC 78,NOIDA SEC 75 AND ABOVE
574,NOIDA SEC 79,NOIDA SEC 75 AND ABOVE
575,NOIDA SEC 80,NOIDA SEC 75 AND ABOVE
576,NOIDA SEC 81,NOIDA SEC 75 AND ABOVE
577,NOIDA SEC 82,NOIDA SEC 75 AND ABOVE
578,NOIDA SEC 83,NOIDA SEC 75 AND ABOVE
579,NOIDA SEC 84,NOIDA SEC 75 AND ABOVE
580,NOIDA SEC 85,NOIDA SEC 75 AND ABOVE
581,NOIDA SEC 86,NOIDA SEC 75 AND ABOVE
582,NOIDA SEC 87,NOIDA SEC 75 AND ABOVE
583,NOIDA SEC 88,NOIDA SEC 75 AND ABOVE
584,NOIDA SEC 89,NOIDA SEC 75 AND ABOVE
585,NOIDA SEC 90,NOIDA SEC 75 AND ABOVE
586,NOIDA SEC 91,NOIDA SEC 75 AND ABOVE
587,NOIDA SEC 92,NOIDA SEC 75 AND ABOVE
588,NOIDA SEC 93,NOIDA SEC 75 AND ABOVE
589,NOIDA SEC 94,NOIDA SEC 75 AND ABOVE
590,NOIDA SEC 95,NOIDA SEC 75 AND ABOVE
591,NOIDA SEC 96,NOIDA SEC 75 AND ABOVE
592,NOIDA SEC 97,NOIDA SEC 75 AND ABOVE
593,NOIDA SEC 98,NOIDA SEC 75 AND ABOVE
594,NOIDA SEC 99,NOIDA SEC 75 AND ABOVE
595,OKHLA,OKHLA
596,PAHAR GANJ,PAHAR GANJ
597,RK ASHRAM MARG,PAHAR GANJ
598,PALAM COLONY,PALAM COLONY / PALAM VILLAGE / MAGALA PURI
599,PANCHSHEEL VIHAR,PANCHSHEEL ENCL/ PANCHSHEEL VIHAR
600,PANDAV NAGAR,PANDAV NAGAR
601,PASCHIM VIHAR,PASCHIM VIHAR
602,BALJEET NAGAR,PATEL NAGAR
603,DELHI PATEL NAGAR,PATEL NAGAR
604,PATPARGANJ,PATPARGANJ
605,PEERA GARHI,PEERA GARHI
606,PRASAD NAGAR,PRASAD NAGAR
607,KISHAN GANJ,PRATAP NAGAR
608,PRATAP NAGAR,PRATAP NAGAR
609,PREET VIHAR,PREET VIHAR
610,PITAMPURA,PRITAMPURA
611,MADIPUR COLONY,PUNJABI BAGH
612,PUNJABI BAGH,PUNJABI BAGH
613,SUDERSHAN PARK,PUNJABI BAGH
614,PUSHP VIHAR,PUSHAP VIHAR
615,QUTUB VIHAR,QUTUB VIHAR
616,MATIALA,RAJA PURI
617,RAJAPURI,RAJA PURI
618,OLD RAJINDER NAGAR,RAJINDER NAGAR/ NEW RAJENDER NAGAR
619,PUSA CAMPUS,RAJINDER NAGAR/ NEW RAJENDER NAGAR
620,RAJINDER NAGAR,RAJINDER NAGAR/ NEW RAJENDER NAGAR
621,RAJOURI GARDEN,RAJOURI GARDEN
622,RAMA VIHAR,RAMA VIHAR
623,RAMESH NAGAR,RAMESH NAGAR
624,RANA PRATAP BAGH,RANA PRATAP BAGH
625,RANI BAGH,RANI BAGH
626,RK PURAM 10,RK PURAM (SEC 4 TO 10)
627,RK PURAM 4,RK PURAM (SEC 4 TO 10)
628,RK PURAM 5,RK PURAM (SEC 4 TO 10)
629,RK PURAM 6,RK PURAM (SEC 4 TO 10)
630,RK PURAM 7,RK PURAM (SEC 4 TO 10)
631,RK PURAM 8,RK PURAM (SEC 4 TO 10)
632,RK PURAM 9,RK PURAM (SEC 4 TO 10)
633,RK PURAM 1,RK PURAM SEC 1 2 3 11 12 13
634,RK PURAM 2,RK PURAM SEC 1 2 3 11 12 13
635,RK PURAM 3,RK PURAM SEC 1 2 3 11 12 13
636,RK PURAM 11,RK PURAM SEC 1 2 3 11 12 13
637,RK PURAM 12,RK PURAM SEC 1 2 3 11 12 13
638,RK PURAM 13,RK PURAM SEC 1 2 3 11 12 13
639,ROHINI SEC 1,ROHINI SEC 1 TO 4 6 TO 9 12 14
640,ROHINI SEC 12,ROHINI SEC 1 TO 4 6 TO 9 12 14
641,ROHINI SEC 14,ROHINI SEC 1 TO 4 6 TO 9 12 14
642,ROHINI SEC 2,ROHINI SEC 1 TO 4 6 TO 9 12 14
643,ROHINI SEC 3,ROHINI SEC 1 TO 4 6 TO 9 12 14
644,ROHINI SEC 4,ROHINI SEC 1 TO 4 6 TO 9 12 14
645,ROHINI SEC 6,ROHINI SEC 1 TO 4 6 TO 9 12 14
646,ROHINI SEC 7,ROHINI SEC 1 TO 4 6 TO 9 12 14
647,ROHINI SEC 8,ROHINI SEC 1 TO 4 6 TO 9 12 14
648,ROHINI SEC 9,ROHINI SEC 1 TO 4 6 TO 9 12 14
649,ROHINI SEC 11,ROHINI SEC 11 16 17 18 22 TO 25
650,ROHINI SEC 16,ROHINI SEC 11 16 17 18 22 TO 25
651,ROHINI SEC 17,ROHINI SEC 11 16 17 18 22 TO 25
652,ROHINI SEC 18,ROHINI SEC 11 16 17 18 22 TO 25
653,ROHINI SEC 22,ROHINI SEC 11 16 17 18 22 TO 25
654,ROHINI SEC 23,ROHINI SEC 11 16 17 18 22 TO 25
655,ROHINI SEC 24,ROHINI SEC 11 16 17 18 22 TO 25
656,ROHINI SEC 25,ROHINI SEC 11 16 17 18 22 TO 25
657,ROHINI SEC 26,ROHINI SEC 26 TO 39
658,ROHINI SEC 27,ROHINI SEC 26 TO 39
659,ROHINI SEC 28,ROHINI SEC 26 TO 39
660,ROHINI SEC 29,ROHINI SEC 26 TO 39
661,ROHINI SEC 30,ROHINI SEC 26 TO 39
662,ROHINI SEC 31,ROHINI SEC 26 TO 39
663,ROHINI SEC 32,ROHINI SEC 26 TO 39
664,ROHINI SEC 33,ROHINI SEC 26 TO 39
665,ROHINI SEC 34,ROHINI SEC 26 TO 39
666,ROHINI SEC 35,ROHINI SEC 26 TO 39
667,ROHINI SEC 36,ROHINI SEC 26 TO 39
668,ROHINI SEC 37,ROHINI SEC 26 TO 39
669,ROHINI SEC 38,ROHINI SEC 26 TO 39
670,ROHINI SEC 39,ROHINI SEC 26 TO 39
671,ROHINI SEC 10,ROHINI SEC 5 10 13 15 19 20 21
672,ROHINI SEC 13,ROHINI SEC 5 10 13 15 19 20 21
673,ROHINI SEC 15,ROHINI SEC 5 10 13 15 19 20 21
674,ROHINI SEC 19,ROHINI SEC 5 10 13 15 19 20 21
675,ROHINI SEC 20,ROHINI SEC 5 10 13 15 19 20 21
676,ROHINI SEC 21,ROHINI SEC 5 10 13 15 19 20 21
677,ROHINI SEC 5,ROHINI SEC 5 10 13 15 19 20 21
678,OLD SUBJI MANDI,SABJI MANDI
679,DELHI CANTT,SADAR BAZAR DELHI CANTT SURYA VIHAR
680,SADAR BAZAR,SADAR BAZAR DELHI CANTT SURYA VIHAR
681,SADIQ NAGAR,SADIQ NAGAR
682,HUMAYUN PUR,SAFDARJUNG ENCLAVE
683,SAFDARJUNG ENCLAVE,SAFDARJUNG ENCLAVE
684,SAGARPUR,SAGARPUR
685,SAKET,SAKET / SAKET COURT
686,SAMALKA,SAMALKA
687,SARITA VIHAR,SARITA VIHAR
688,SAROJINI NAGAR,SAROJINI NAGAR
689,SAVITRI NAGAR,SAVITRI NAGAR
690,FBD SEC 11,SEC 11 FBD
691,GGN SEC 113,SEC 113 GGN
692,FBD SEC 14,SEC 14 FBD
693,FBD SEC 16,SEC 16 FBD
694,SOHNA SEC 32,SEC 32 SOHNA
695,SOHNA SEC 33,SEC 33 SOHNA
696,SOHNA SEC 36,SEC 36 SOHNA
697,GGN SEC 36A,SEC 36A GGN
698,FBD SEC 42,SEC 42 FBD
699,GGN SEC 48,SEC 48 GGN
700,GGN SEC 49,SEC 49 GGN
701,GGN SOUTH CITY 2,SEC 49 GGN
702,FBD SEC 77,SEC 77 FBD
703,GGN SEC 8,SEC 8 GGN
704,GGN SEC 92,SEC 92 GGN
705,GGN SEC 99A,SEC 99A GGN
706,SHAHEEN BAGH,SHAAIN BAGH
707,SHAHBAD MOHAMMEDPUR,SHAHBAD MOHAMMEDPUR
708,JAGATPURI EXTN,SHAHDRA
709,JP NAGAR,SHAHDRA
710,SHAHDARA,SHAHDRA
711,VISHWAS NAGAR,SHAHDRA
712,SHAKARPUR,SHAKARPUR
713,SHAKTI NAGAR,SHAKATI NAGAR
714,SHAKUR BASTI,SHAKUR BASTI
715,SHAKURPUR,SHAKURPUR
716,SHALIMAR BAGH,SHALIMAR BAGH / SURAI MAL VIHAR
717,SHASTRI NAGAR,SHASHATRI NAGAR
718,SHEIKH SARAI,SHEIKH SARAI
719,FBD SHIV COLONY,SHIV COLONY FBD
720,SITAPURI,SITAPURI
721,MARUTI KUNJ,SOHNA GAON
722,MOHAMMADPUR GUJAR,SOHNA GAON
723,SOHNA,SOHNA GAON
724,SOHNA GAON,SOHNA GAON
725,SOUTH EXTN,SOUTH EXTN 1 AND 2
726,SUBHASH NAGAR,SUBHASH NAGAR
727,SUKHDEV VIHAR,SUKHDEV VIHAR
728,SULTANPUR,SULTANPUR ESTATE
729,SURAJMAL VIHAR,SURAJMAL VIHAR
730,SHIVAJI VIHAR,TAGORE GARDEN
731,TAGORE GARDEN,TAGORE GARDEN
732,MANAK VIHAR,TILAK NAGAR
733,TILAK NAGAR,TILAK NAGAR
734,TIMARPUR,TIMAR PUR
735,TRI NAGAR,TRI NAGAR
736,TRILOKPURI,TRILOK PURI (MAYUR VIHAR)
737,TUGHLAKABAD,TUGHLAKABAD
738,DWARKA MOR,UTTAM NAGAR
739,PANKHA ROAD,UTTAM NAGAR
740,UTTAM NAGAR,UTTAM NAGAR
741,VASANT ENCLAVE,VASANT ENCLAVE
742,VASANT KUNJ C,VASANT KUNJ SEC C-1 2 5 8 AND 9)
743,VASANT KUNJ 13,VASANT KUNJ SEC D3 6 AND 7
744,VASANT VIHAR,VASANT VIHAR
745,VASUNDHARA ENCLAVE,VASUNDHRA ENCLAVE (DELHI)
746,VIKAS NAGAR,VIKAS NAGAR
747,VIKASPURI,VIKAS PURI
748,VINOD NAGAR,VINOD NAGAR
749,VIPIN GARDEN,VIPIN GARDEN
750,VIRENDER NAGAR,VIRENDER NAGAR
751,VISHNU GARDEN,VISHNU GARDEN
752,WAZIRABAD,WAZIRABAD
753,YAMUNA VIHAR,YAMUNA VIHAR
754,BALLABHGARH,BALLABHGARH
755,ARYA PURA,SABJI MANDI
756,GGN ARJUN NAGAR,SEC 8 GGN
757,GZB CHHAPRAULA,GAZIABAD CROSSING
758,BHARAT VIHAR,DWARKA SEC 3 4 12 13 14 16 17
759,MEER VIHAR,ROHINI SEC 26 TO 39
760,GZB TURAB NAGAR,GAZIABAD CROSSING
761,GZB PRATEEK GRAND CITY,GAZIABAD SHAHIBABAD INDIRAPURAM VAISHALI
762,TIHAR VILLAGE,SUBHASH NAGAR
763,NARAINA VIHAR,NARAINA/ NARAINA VIHAR
764,GZB NITI KHAND,GAZIABAD SHAHIBABAD INDIRAPURAM VAISHALI
765,JHARODA MAJRA,BURARI
